{
  "lighting": "vialrgb",
  "matrix": {"rows": 5, "cols": 15},
  "layouts": {
    "labels": [
               ["Backspace", "Split BS", "2u BS"],
               ["Split Right Shift", "1.75u+1u", "1u+1.75u"],
               ["Right Bottom Row", "2x1.5u", "3x1u"],
               ["Left Spacebar", "1.5u+2.25u", "1u+2.75u"],
               ["Right Spacebar", "2.25u+1.5u", "2.75+1u"]
              ],
    "keymap": [
  [
    {
      "y": 0.2,
      "x": 4.15
    },
    "0,2",
    {
      "x": 9.7
    },
    "0,12"
  ],
  [
    {
      "y": -0.95,
      "x": 0.5
    },
    "1,0",
    {
      "x": 0.6499999999999999
    },
    "0,0",
    "0,1",
    {
      "x": 11.7
    },
    "0,13",
    "1,14\n\n\n0,0",
    "0,14\n\n\n0,0",
    {
      "x": 0.75,
      "c": "#d3dbb4",
      "w": 2
    },
    "0,14\n\n\n0,1"
  ],
  [
    {
      "y": -0.050000000000000044,
      "x": 14.5,
      "c": "#cccccc"
    },
    "1,11"
  ],
  [
    {
      "y": -0.9500000000000002,
      "x": 0.35
    },
    "2,0",
    {
      "x": 0.6499999999999999,
      "w": 1.5
    },
    "1,1",
    "1,2",
    {
      "x": 11
    },
    "1,12",
    "1,13",
    {
      "w": 1.5
    },
    "2,13"
  ],
  [
    {
      "x": 0.2
    },
    "3,0",
    {
      "x": 0.6500000000000001,
      "w": 1.75
    },
    "2,1",
    {
      "x": -1.3322676295501878e-15
    },
    "2,2",
    {
      "x": 10.3
    },
    "2,11",
    "2,12",
    {
      "w": 2.25
    },
    "2,14"
  ],
  [
    {
      "x": 0.05
    },
    "4,0",
    {
      "x": 0.6499999999999999,
      "w": 2.25
    },
    "3,1",
    "3,2",
    {
      "x": 9.600000000000001
    },
    "3,11",
    "3,12",
    {
      "w": 1.75
    },
    "3,13\n\n\n1,0",
    "3,14\n\n\n1,0",
    {
      "x": 0.6999999999999993,
      "c": "#d3dbb4"
    },
    "3,13\n\n\n1,1",
    {
      "w": 1.75
    },
    "3,14\n\n\n1,1"
  ],
  [
    {
      "x": 1.45,
      "c": "#cccccc",
      "w": 1.5
    },
    "4,1",
    "4,2",
    {
      "x": 11.600000000000001,
      "w": 1.5
    },
    "4,12\n\n\n2,0",
    {
      "w": 1.5
    },
    "4,14\n\n\n2,0"
  ],
  [
    {
      "y": 0.5,
      "x": 15.5,
      "c": "#d3dbb4"
    },
    "4,12\n\n\n2,1",
    "4,13\n\n\n2,1",
    "4,14\n\n\n2,1"
  ],
  [
    {
      "r": 10,
      "rx": 4,
      "x": 1.5,
      "c": "#cccccc"
    },
    "0,3",
    "0,4",
    "0,5",
    "0,6"
  ],
  [
    {
      "x": 1
    },
    "1,3",
    "1,4",
    "1,5",
    "1,6"
  ],
  [
    {
      "x": 1.25
    },
    "2,3",
    "2,4",
    "2,5",
    "2,6"
  ],
  [
    {
      "x": 1.75
    },
    "3,3",
    "3,4",
    "3,5",
    "3,6"
  ],
  [
    {
      "x": 2,
      "w": 1.5
    },
    "4,3\n\n\n3,0",
    {
      "w": 2.25
    },
    "4,6\n\n\n3,0"
  ],
  [
    {
      "y": 0.5,
      "x": 2,
      "c": "#d3dbb4"
    },
    "4,3\n\n\n3,1",
    {
      "w": 2.75
    },
    "4,6\n\n\n3,1"
  ],
  [
    {
      "r": -10,
      "rx": 0,
      "y": 2.75,
      "x": 10.25,
      "c": "#cccccc"
    },
    "0,8",
    "0,9",
    "0,10",
    "0,11"
  ],
  [
    {
      "x": 9.75
    },
    "1,7",
    "1,8",
    "1,9",
    "1,10"
  ],
  [
    {
      "x": 10
    },
    "2,7",
    "2,8",
    "2,9",
    "2,10"
  ],
  [
    {
      "x": 9.5
    },
    "3,7",
    "3,8",
    "3,9",
    "3,10"
  ],
  [
    {
      "x": 9.5,
      "w": 2.25
    },
    "4,7\n\n\n4,0",
    {
      "w": 1.5
    },
    "4,10\n\n\n4,0"
  ],
  [
    {
      "y": 0.5,
      "x": 9.5,
      "c": "#d3dbb4",
      "w": 2.75
    },
    "4,7\n\n\n4,1",
    "4,10\n\n\n4,1"
  ]
]
}
}
