{
    "name": "Vixen",
    "vendorId": "0xFEED",
    "productId": "0X0000",
    "lighting": "none",
    "matrix": {
        "rows": 4,
        "cols": 12
    },
    "layouts": {
        "labels":[
    [
        "Left Space Options",
        "2u",
        "1u",
        "3u"
    ],
	[
        "Right Space Options",
        "2u",
        "1u",
        "3u"
    ]
],
        "keymap":[
  {
    "name": "Vixen-Vial"
  },
  [
    "0,0",
    {
      "x": 11.25
    },
    "0,11"
  ],
  [
    "1,0",
    {
      "x": 11.25
    },
    "1,11"
  ],
  [
    "2,0",
    {
      "x": 11.25
    },
    "2,11"
  ],
  [
    "3,0",
    {
      "x": 11.25
    },
    "3,11"
  ],
  [
    {
      "r": 4,
      "rx": 1,
      "ry": 3,
      "y": -3
    },
    "0,1"
  ],
  [
    "1,1"
  ],
  [
    "2,1"
  ],
  [
    {
      "r": 8,
      "rx": 1.99,
      "ry": 3.14,
      "y": -3.07,
      "x": 0.006999999999999895
    },
    "0,2",
    "0,3",
    "0,4",
    "0,5"
  ],
  [
    {
      "x": 0.006999999999999895
    },
    "1,2",
    "1,3",
    "1,4",
    "1,5"
  ],
  [
    {
      "x": 0.006999999999999895
    },
    "2,2",
    "2,3",
    "2,4",
    "2,5"
  ],
  [
    {
      "x": 1.007
    },
    "3,3\n\n\n0,0",
    {
      "w": 2
    },
    "3,5\n\n\n0,0"
  ],
  [
    {
      "x": 1.007
    },
    "3,3\n\n\n0,1",
    "3,4\n\n\n0,1",
    "3,5\n\n\n0,1"
  ],
  [
    {
      "x": 1.007,
      "w": 3
    },
    "3,4\n\n\n0,2"
  ],
  [
    {
      "r": -8,
      "rx": 11.252,
      "y": -3.07,
      "x": -3.992
    },
    "0,6",
    "0,7",
    "0,8",
    "0,9"
  ],
  [
    {
      "x": -3.992
    },
    "1,6",
    "1,7",
    "1,8",
    "1,9"
  ],
  [
    {
      "x": -3.992
    },
    "2,6",
    "2,7",
    "2,8",
    "2,9"
  ],
  [
    {
      "x": -3.992,
      "w": 2
    },
    "3,6\n\n\n1,0",
    "3,8\n\n\n1,0"
  ],
  [
    {
      "x": -3.992
    },
    "3,6\n\n\n1,1",
    "3,7\n\n\n1,1",
    "3,8\n\n\n1,1"
  ],
  [
    {
      "x": -3.992,
      "w": 3
    },
    "3,7\n\n\n1,2"
  ],
  [
    {
      "r": -4,
      "rx": 12.25,
      "ry": 3,
      "y": -3,
      "x": -1
    },
    "0,10"
  ],
  [
    {
      "x": -1
    },
    "1,10"
  ],
  [
    {
      "x": -1
    },
    "2,10"
  ]
]
    }
}